Judul Novel,Pencipta Novel,Deskripsi Novel,Jumlah Pembaca,Img,Link
YOUNG BABYSITTER (END),Ellenawlm,"(FOLLOW AUTHORNYA)
                  (JANGAN LUPA VOTE DAN KOMEN GUYSüíöüíö) 
                  Ini tentang drama antara babysitter dengan bosnya. Bosnya yang tampan sekaligus duda beranak satu itu tidak seg...",4.8M,https://img.wattpad.com/cover/272464855-512-k955831.jpg,https://www.wattpad.com/story/272464855-young-babysitter-end
Gadis Polos Psychopat,Fiaa,"""Gua gak akan suka sama bocil kaya lu!""
                  ""Idih, siapa juga yang bakalan suka sama om-om kaya kamu!"" 
                  ""Dih, ganteng gini dibilang om-om. Bocil ane...",16K,https://img.wattpad.com/cover/315872025-512-k348112.jpg,https://www.wattpad.com/story/315872025-gadis-polos-psychopat
You Are Everything KTH~ ‚ö†‚ö†‚úî‚úî[END],chechim_95,"Yn:""Ommh Taehh sakkiithh..!!
                  Tae:""Sedikit lagi Yn ahh~
                  Seorang Kim Taehyung pengusaha muda mendidik anak dari kakakny sendiri dan mendidik nya mnjdi seorang ga...",862K,https://img.wattpad.com/cover/189991051-512-k88501.jpg,https://www.wattpad.com/story/189991051-you-are-everything-kth%7E-%E2%9A%A0%E2%9A%A0%E2%9C%94%E2%9C%94-end
Lily [END],Salsa,"[FOLLOW DULU SEBELUM BACA]
                  LILY ANGELA DANDELION nama yang indah bukan?
                  Namun di balik nama itu terdapat makna yang mendalam yang mencerminkan gadis mungil bernama Lily...",633K,https://img.wattpad.com/cover/303184350-512-k459504.jpg,https://www.wattpad.com/story/303184350-lily-end
Vettara,not known >3,"UDAH END,TAPI BEBERAPA PART DI UN PUBLISH,SEWAKTU-WAKTU BAKAL DI PUBLISH LAGI
                  ""Mau peluk gak? "" Tanya Revo sambil merentang kan tangannya.
                  ""Heh lo ga bole...",143K,https://img.wattpad.com/cover/285709249-512-k796949.jpg,https://www.wattpad.com/story/285709249-vettara
Perjodohan (END),everyone21,"Alisa yang sudah menjalin hubungan selama 6 tahun memutuskan akan menikah dengan Kevin, namun takdir berkata lain Kevin meninggal disaat pernikahan mereka tinggal 3 hari...",421K,https://img.wattpad.com/cover/173325739-512-k489681.jpg,https://www.wattpad.com/story/173325739-perjodohan-end
Aku Kamu Dan Negara [END],nz,"‚ö†Ô∏è FOLLOW DULU SEBELUM MEMBACA ‚ö†Ô∏è
                  ""berawal dari tak sengaja menjadi cinta""
                  ~Ayna Zahra Bagaskara~
                  ""tidak ada yang bisa mengubah takdir Allah""
                  ~Ali Ak...",170K,https://img.wattpad.com/cover/343434517-512-k273692.jpg,https://www.wattpad.com/story/343434517-aku-kamu-dan-negara-end
MENIKAHLAH lagi suamiku (SELESAI),annoying_key,"#1-spiritual 9-Desember-2019
                  #1-nyesek 29-Desember-2019
                  #1-cerita islami 20-januari-2020
                  #1-cerita islami 31-maret-2020
                  #1-ikhlas 27-April-2020
                  Aisya Syadza Madeira
                  ____...",1.5M,https://img.wattpad.com/cover/192554970-512-k355108.jpg,https://www.wattpad.com/story/192554970-menikahlah-lagi-suamiku-selesai
TAGARES (On Going),id.why,"[ BACA SELAGI ON GOING, JANGAN NUNGGU AMPE ENDING ] 
                  Ezeyla Indanaoree Arletta. Cewek unik yang punya motto hidup 'Anti pacaran, jomblo selalu bertahan.'
                  Di hari pertama...",24.8K,https://img.wattpad.com/cover/325276190-512-k896796.jpg,https://www.wattpad.com/story/325276190-tagares-on-going
Guru kang Bokep,Alexxander Cellyn Agatha Zeva...,"ahh-ahh hmmm
                  shs hmmm ahh
                  njir ngapain lu ikut mendesah
                  depresot!!!!
                  Bocah Dilarang nonton
                  kalo jijik skip
                  cerita ini mengandungüåöüí¶ü•µ",21.9K,https://img.wattpad.com/cover/267364841-512-k300825.jpg,https://www.wattpad.com/story/267364841-guru-kang-bokep
DARK & DANGEROUS,Unholy Stories,"[ T A M A T ]
                  ""Kim Taehyung memasuki hidupku seperti petir dalam kegelapan....""
                  Jennie Kim merupakan gadis penuh ancaman yang membuatnya seumur hidup dihantui...",277K,https://img.wattpad.com/cover/278260231-512-k812699.jpg,https://www.wattpad.com/story/278260231-dark-dangerous
CRUEL GIRL [End],meilaa.,"gadis misterius dengan mata tajam dan aura dingin membuat semua orang melihatnya takut, dia dijuluki dengan sebutan ""CRUEL GIRL"" dalam sekolahnya namun dia tet...",86.1K,https://img.wattpad.com/cover/331034115-512-k831378.jpg,https://www.wattpad.com/story/331034115-cruel-girl-end
ALFAREZI KAVINDRA (END),Bussyarotun Asfia,"Alfarezi Kavindra, cowo dingin dan cuek yang selalu tertekan dalam kehidupannya. 17 tahun ia hidup penuh dengan duka dan luka, kebahagiaan tak pernah menghampiri dalam d...",258K,https://img.wattpad.com/cover/277803178-512-k631136.jpg,https://www.wattpad.com/story/277803178-alfarezi-kavindra-end
Mencintaimu Dalam Diam (END),zenahara,"Kisah seorang gadis yang menyukai seseorang. Namun, gadis tersebut hanya diam. Dia percaya mencintai seseorang diam-diam adalah cara terbaik. Akankah cintanya terbalas?
                  ...",563K,https://img.wattpad.com/cover/160157331-512-k642989.jpg,https://www.wattpad.com/story/160157331-mencintaimu-dalam-diam-end
Jax (Husband üíç),always jax,Anjir gak boleh copy üò°,33.9K,https://img.wattpad.com/cover/347188908-512-k204605.jpg,https://www.wattpad.com/story/347188908-jax-husband-%F0%9F%92%8D
BITE,Unholy Stories,"[ T A M A T ]
                  Kehidupan sekolah yang nyaman dibuat gempar dengan adanya kehadiran vampir di antara mereka, yang menyamar sebagai murid biasa.
                  Terutama, ketika ditemukann...",85.8K,https://img.wattpad.com/cover/250014246-512-k982228.jpg,https://www.wattpad.com/story/250014246-bite
Syahadat Kedua,detak_cenna01,"Ilker Armagan Akso, remaja yatim piatu asal Turki yang berlayar mencari kebenaran dan berlabuh tepat pada tujuan yang benar. Bukan tentang pelayaran, melainkan keimanan...",1.2K,https://img.wattpad.com/cover/368457682-512-k504956.jpg,https://www.wattpad.com/story/368457682-syahadat-kedua
aku dan kamu di kala itu,dfl my love,"menceritakan tentang defan, yuuuu guys baca ü•≥ü•≥",732,https://img.wattpad.com/cover/369272194-512-k76896.jpg,https://www.wattpad.com/story/369272194-aku-dan-kamu-di-kala-itu
Mantan Terindah,bolicius,"hayooo...
                  sapa nih yang gamonn??
                  sama sama masih sayang tapi kehalang gengsi...
                  nah loh... 
                  pasti bingung kannn...
                  Apalagi ada orang baru, mau pilih orang baru atau oran...",802,https://img.wattpad.com/cover/316311874-512-k738598.jpg,https://www.wattpad.com/story/316311874-mantan-terindah
POSSESSIVE AKSA [Revisi],ùôÖùôûùôôùô™ùô£,"BUDAYAKAN FOLLOW SEBELUM BACA.
                  Baskara series #1
                  #1 fall (19-08-20)
                  #1 aksa (06-10-20)
                  #1 baca (07-10-20)
                  #1 budakcinta (27-10-20)
                  #2 Retta (15-06-20)
                  #2 fall (27-10-20)...",622K,https://img.wattpad.com/cover/211731124-512-k580170.jpg,https://www.wattpad.com/story/211731124-possessive-aksa-revisi
